<?xml version="1.0" encoding="UTF-8"?><!--
text.xml file from Click to chat app by TrianguloY.
Permission given to translate only.

Instructions for manual translation:
- Translate the properties making sure not to overpass the maximum character number.
- Currently this file is copied manually, line breaks are kept and no need to scape special characters.

If you added/modified the following file add your name here to give credit:


 -->
<parameters>

    <!-- Preferably use the name from https://faq.whatsapp.com/general/chats/how-to-use-click-to-chat/ in your language -->
    <title max_chars="30">Click to chat</title>

    <description_short max_chars="80">Small, no ads app to open a WhatsApp chat with any number (you and that number).</description_short>

    <!-- Don't forget to add your name in the list at the bottom (please keep the names as they are).-->
    <description_long max_chars="4000">
Disclaimer: This app is not affiliated with nor endorsed by WhatsApp Inc.
Previous name: "Open in WhatsApp (click to chat) [small, no ads]", changed to comply with WhatsApp and Google guidelines.

------------------

I'm aware some users are using the app for business purposes. I'm glad my app is helping you being more productive, but please if you are using the app for commercial purposes consider supporting it. I want this little personal project to keep being a free without ads nor purchases app, and the progress and updates are based on the reception and support from you. There is a donation version that you can buy to help the development: https://play.google.com/store/apps/details?id=com.trianguloy.openInWhatsapp.donation

[New: There is now a web version, compatible with WhatsApp Web: https://trianguloy.github.io/OpenInWhatsapp_Web/ ]

------------------

Did you know you can open a chat in WhatsApp with any number without saving first into contacts by opening in your browser the link 'wa.me/123456789' (using the prefix+number desired)?
Source: https://faq.whatsapp.com/en/android/26000030/

Originally that link was longer and more difficult to remember, so I made this tiny app to help in the process.

Since then I have added multiple functionalities (enter message, share link, list of country codes, create shortcut, save recent and pinned, open recent calls via add-on, and a few more) but always with these three principles:
1) Make the smaller app possible. This means no extra unrelated content, no extra libraries and no useless things. Currently its size is around 100KB=0.1MB. Less than a standard picture!
2) Use as few permissions as possible. Only the create_shortcut permission is used, nothing else! (no calls, no storage, no internet).
3) No ads. I hate ads. I will never add ads, adware, spyware, user tracking or other nasty stuff.


If you want a small tool to help you open numbers in WhatsApp, try it. If you prefer an app that sends your data to Google, there are clones out there.

---------------------------

Translation:
Thanks to Timofey Lisunov, Matheus Damacs, Yusuf Emen, Benjamin Yılmaz Çetiner, Richard Anderson (Hirai RCD), Aditya, Armand Secco, Yoni Cohen jonbir3, MageshBabu K (mage1k99), artmann (Dwi Legowo), Steven Felix, mezysinc, Thenur Mahesh Kannan, Faisal Aloufi, RaviDhoriya, Nathanaël Gagnepain for the translations!

Permissions used:
SHORTCUT: To create shortcuts in the launcher.
-Nothing else- (they aren't necessary)

Apk size:
~100 KB (0,1MB)
    </description_long>

    <!-- Not needed if you don't translate the changelog -->
    <changelog_footer>Do you like the update? Suggestions? You can say so in the comments or in the blog! https://triangularapps.blogspot.com/</changelog_footer>
</parameters>